{"correct": 89369, "total": 329525, "box_accuracy": 0.27120552310143387, "top_accuracy": 0.30945802949140094, "loss": 0.004559011362574887}